id,name,added_at,duration_sec,popularity,artists,genres
2nD9CUfMMUVxL0UyFs8fGG,Pistol,2023-02-27T17:42:09Z,234.174,68,"[{'artist': 'Cigarettes After Sex', 'artist_id': '1QAJqy2dA3ihHBFIHRphZj'}]","['ambient pop', 'dream pop', 'el paso indie', 'pop', 'shoegaze']"
1UVxtRC9AdzpvHH6IJ1DDw,Jaanu Na,2023-02-26T07:21:08Z,213.75,41,"[{'artist': 'Abdul Hannan', 'artist_id': '5mWQT8CLTa4mAQAJdFjHb1'}]","['pakistani indie', 'pakistani pop']"
7jMjMcyt3qxEkbC0s8LJQf,Ghuroor,2023-02-26T07:10:15Z,198.857,46,"[{'artist': 'Izzchughtai', 'artist_id': '211ei6ZiUeBMIXUZGBaJ4S'}, {'artist': 'Abdul Hannan', 'artist_id': '5mWQT8CLTa4mAQAJdFjHb1'}]","['pakistani indie', 'pakistani pop']"
2S3erlZaNr7EGakVORv619,Saal,2023-02-26T06:22:50Z,188.125,48,"[{'artist': 'Ishpreet Singh', 'artist_id': '0uYkdsYTX52nJ3iiER4rg9'}, {'artist': 'Khushraj Hussain', 'artist_id': '2F4iyLhAJANxKrKl3Iw9Dh'}]",['indian singer-songwriter']
6qrifdo7QINdPQr80IelGi,Iraaday,2023-02-26T06:19:52Z,133.305,67,"[{'artist': 'Rovalio', 'artist_id': '01pFDtbY3k5uOmy0Pbg93C'}, {'artist': 'Abdul Hannan', 'artist_id': '5mWQT8CLTa4mAQAJdFjHb1'}]","['pakistani electronic', 'pakistani pop', 'pakistani indie']"
1wYzvT6Ek0rJSyVu848CzN,Awaara Ho,2023-02-25T15:12:23Z,209.142,55,"[{'artist': 'Shashwat Sachdev', 'artist_id': '465OXuCU8YZNmVG1leLwQ9'}]",['modern bollywood']
5fHGpmHX1oADeF6lh63i8J,Meri Hai,2023-02-25T14:57:06Z,209.032,30,"[{'artist': 'U K D', 'artist_id': '2Nmoa6Hzb6eF1egjM76rjK'}]",[]
6k1hBhDbcwyh1KuSFAoLTJ,Tere Bina,2023-02-25T14:53:39Z,172.823,51,"[{'artist': 'KASYAP', 'artist_id': '4p4ILwTCyu0exslJsiQzZP'}]",[]
1XZPtZVqcOzzxbYIR7MjQw,Ontario,2023-02-25T12:20:54Z,192.866,67,"[{'artist': 'Novo Amor', 'artist_id': '0rZp7G3gIH6WkyeXbrZnGi'}, {'artist': 'Ed Tullett', 'artist_id': '5VGsR5wapeJIuRPX26IeGn'}, {'artist': 'Lowswimmer', 'artist_id': '7FW2qwsY0zLV9GppWatQ5P'}]","['ambient folk', 'indie folk', 'pop', 'stomp and flutter']"
5F1ZmucV0uJY14y2dYKePa,Sanctuary,2023-02-25T12:17:24Z,180.018,73,"[{'artist': 'Joji', 'artist_id': '3MZsBdqDrRTJihTHQrO6Dq'}]",['viral pop']
3184CMyowuchbfDlpM1rop,Man Kunto Maula,2023-02-24T17:33:53Z,497.293,24,"[{'artist': 'Arooj Aftab', 'artist_id': '00JAfwtx5gNiiqyor88Dr5'}]",['pakistani indie']
16Fxe5DvEXRxQwcorFyaIO,I'm So Happy (with BENEE),2023-02-22T12:38:57Z,173.365,60,"[{'artist': 'Jeremy Zucker', 'artist_id': '3gIRvgZssIb9aiirIg0nI3'}, {'artist': 'BENEE', 'artist_id': '0Cp8WN4V8Tu4QJQwCN5Md4'}]","['electropop', 'pop', 'alt z', 'nz pop']"
6HlznqCIW5QbgdJpMbzprF,PCH,2023-02-22T12:36:04Z,135.483,53,"[{'artist': 'Dane Amar', 'artist_id': '5S68VYXiXt6oq30pKqQAuV'}, {'artist': 'LEW', 'artist_id': '3Jm6kDs1lVTJSiIN6fZyP4'}]","['asian american hip hop', 'chill r&b']"
1aDp8xY9kW41COJILd8fHZ,Sick of You,2023-02-22T12:26:22Z,152.59,62,"[{'artist': 'Suriel Hess', 'artist_id': '5MLIxVYkY4Fc2dwdaYSS8G'}]",['pop']
0jQGwGtEuSmjvVS2iKEOgG,Like No One Does,2023-02-22T12:25:31Z,158.469,60,"[{'artist': 'Jake Scott', 'artist_id': '0DxPHf2flBAcV2SnZPg3SV'}]","['alt z', 'indiecoustica', 'neo mellow', 'pop', 'pop rock', 'post-teen pop']"
77roiKUXNxJC82w6ZCi1oo,madly,2023-02-22T12:16:07Z,100.363,57,"[{'artist': 'Emily Vaughn', 'artist_id': '3G9gR0x4v3J2Vek0Fw0yf2'}, {'artist': 'Joseph Tilley', 'artist_id': '12knc5DPOIJKd0qEeYaDVm'}, {'artist': ""we're ok!"", 'artist_id': '4HZ5fqzmMUI1khzRpOeZBP'}]","['alt z', 'electropop', 'indie electropop', 'indie poptimism', 'social media pop', 'chill r&b']"
6rG1DdPCTzGibgHliYJ4ws,Little Bit More,2023-02-22T06:24:54Z,180.678,70,"[{'artist': 'Suriel Hess', 'artist_id': '5MLIxVYkY4Fc2dwdaYSS8G'}]",['pop']
3NLnwwAQbbFKcEcV8hDItk,Perfect,2023-02-21T03:33:41Z,230.333,76,"[{'artist': 'One Direction', 'artist_id': '4AK6F7OLvEQ5QYCBNiQWHq'}]","['boy band', 'pop', 'post-teen pop', 'talent show']"
41m3lSQHqeiPs5v9uk57Zd,Boulevards,2023-02-21T03:23:54Z,193.67600000000002,37,"[{'artist': 'Landon Conrath', 'artist_id': '2PJ06l59DomDd440az768u'}]",['indie poptimism']
5RdHkLxnVnj1RZndX1Sj1T,Changes,2023-02-21T03:22:37Z,211.226,44,"[{'artist': 'The Happy Fits', 'artist_id': '73rPcaYEhBd0UuVZBqqyQJ'}]","['indie pop', 'modern alternative rock', 'modern folk rock', 'modern rock', 'new jersey indie']"
0WHCEJXCZhRX8R2xk3eqwF,Daylight - Stripped,2023-02-21T03:19:56Z,208.4,30,"[{'artist': 'Jordy Searcy', 'artist_id': '0AV5z1x1RoOGeJWeJzziDz'}, {'artist': 'Phillip Vo', 'artist_id': '0JAA5Ru4PGTa9oWXsp9DnQ'}]","['indiecoustica', 'neo mellow', 'stomp and holler']"
5lCtzEEl2FxySHX4zR9yEf,kissing girls,2023-02-21T03:16:28Z,100.75,52,"[{'artist': 'Grady', 'artist_id': '6FmiNnTXQJTmOMAx4kB38R'}]","['indie electropop', 'indie pop']"
7FsmRwTyZhtmd19Djb3LTb,Static,2023-02-21T03:16:11Z,175.78300000000002,44,"[{'artist': 'Landon Conrath', 'artist_id': '2PJ06l59DomDd440az768u'}]",['indie poptimism']
2W3z2ZY7j35tyUh1FNJ3jM,Infinitely Ordinary,2023-02-21T03:11:16Z,172.986,43,"[{'artist': 'The Wrecks', 'artist_id': '458aS6ALc3QkzwfR5USt34'}]","['la indie', 'modern alternative rock', 'modern rock', 'rock']"
6Xve7pWqzW6CQV8mlXzpBe,Strawberry Sunscreen,2023-02-21T03:09:25Z,129.0,62,"[{'artist': 'Lostboycrow', 'artist_id': '5PxCTrv3Y1xVACfngpt7D2'}]","['alt z', 'electropop', 'indie electropop', 'indie poptimism', 'indietronica', 'pop']"
4DxybsoSiMUW0JI2oM0SSN,Patience,2023-02-20T11:05:35Z,202.066,61,"[{'artist': 'Take That', 'artist_id': '1XgFuvRd7r5g0h844A5ZUQ'}]","['boy band', 'dance pop', 'europop']"
34Yx1C3PBF986YzL3jfuuR,Howling at the Moon,2023-02-20T06:55:06Z,185.78300000000002,41,"[{'artist': 'Milow', 'artist_id': '6mo0UbyIvIePdXNyLwQlk5'}]","['belgian pop', 'belgian rock', 'belgian singer-songwriter', 'dutch pop', 'dutch rock', 'german pop']"
14JfRLooUoQr5fvr7bdZAY,Look Into My Eyes,2023-02-20T06:53:52Z,243.346,22,"[{'artist': 'Outlandish', 'artist_id': '5tqMW5dSAlvh0GvgD3XfDy'}]",['danish pop']
0xmjwnQ3FNE6HuWCt2nHdZ,Where Is The Love?,2023-02-20T06:51:39Z,272.533,77,"[{'artist': 'Black Eyed Peas', 'artist_id': '1yxSLGMDHlW21z4YXirZDS'}]","['dance pop', 'pop', 'pop rap']"
2W5acFzXf5FrktecuD30Or,One Love,2023-02-20T06:49:19Z,207.186,59,"[{'artist': 'Blue', 'artist_id': '2yEkZBBjhzKzt6LF5XMaFi'}]","['boy band', 'dance pop', 'europop']"
1cRuI7DN1z2FO3boRPmagR,Aicha,2023-02-20T02:47:42Z,275.746,36,"[{'artist': 'Outlandish', 'artist_id': '5tqMW5dSAlvh0GvgD3XfDy'}]",['danish pop']
6ocOeSjnWPcSTaSsi0zIdY,Aao Milo Chalo,2023-02-19T07:23:29Z,325.933,61,"[{'artist': 'Pritam', 'artist_id': '1wRPtKGflJrBx9BmLsSwlU'}, {'artist': 'Shaan', 'artist_id': '5cB4d4jPYjMT326sjihQ4m'}, {'artist': 'Sultan Khan', 'artist_id': '2eOZNXw0A4cQKmsVPpIcMY'}]","['filmi', 'indian instrumental', 'modern bollywood', 'desi pop', 'hindustani classical', 'hindustani instrumental', 'indian classical']"
5bHDGWyIFML1LYXZWTD5MF,I Love You,2023-02-19T07:20:26Z,256.812,57,"[{'artist': 'Pritam', 'artist_id': '1wRPtKGflJrBx9BmLsSwlU'}, {'artist': 'Ash King', 'artist_id': '1cfG7UM0OD4O1II1nd15Qo'}, {'artist': 'Clinton Cerejo', 'artist_id': '2j9QVMZlqIj4Cb9UISBrXK'}]","['filmi', 'indian instrumental', 'modern bollywood', 'desi pop']"
0Ose0T05P8Ou0GvhwmMKcf,Meherbaan,2023-02-19T07:17:13Z,307.407,55,"[{'artist': 'Ash King', 'artist_id': '1cfG7UM0OD4O1II1nd15Qo'}, {'artist': 'Shilpa Rao', 'artist_id': '19LIHDDSHBD5NyYHI3gpzB'}, {'artist': 'Shekhar Ravjiani', 'artist_id': '4xd7mLI7urqrxELaXhAvzw'}]","['desi pop', 'filmi', 'modern bollywood']"
3cGMTR0B5zA3zQsVJjddtQ,Love Me Thoda Aur,2023-02-19T07:11:37Z,265.81,52,"[{'artist': 'Pritam', 'artist_id': '1wRPtKGflJrBx9BmLsSwlU'}, {'artist': 'Arijit Singh', 'artist_id': '4YRxDV8wJFPHPTeXepOstw'}]","['filmi', 'indian instrumental', 'modern bollywood', 'desi pop']"
0DuWDLjriRPjDRoPgaCslY,Love In The Dark,2023-02-19T04:42:58Z,285.935,78,"[{'artist': 'Adele', 'artist_id': '4dpARuHxo51G3z768sgnrY'}]","['british soul', 'pop', 'pop soul', 'uk pop']"
6Vm21aMI6lx9XBSTLxzCbk,Love In The Dark,2023-02-19T04:42:46Z,285.884,49,"[{'artist': 'Leroy Sanchez', 'artist_id': '1qwVM2JnEMXbKgvZESGsRn'}]","['channel pop', 'neo mellow', 'viral pop']"
0aPZbnkMoWJaJ5CNVLCj8S,That Should Be Me,2023-02-19T04:05:07Z,232.72,66,"[{'artist': 'Justin Bieber', 'artist_id': '1uNFoZAHBGtllmzznpCI3s'}]","['canadian pop', 'pop']"
7pYfyrMNPn3wtoCyqcTVoI,"Moves Like Jagger - Studio Recording From ""The Voice"" Performance",2023-02-17T13:13:10Z,201.493,77,"[{'artist': 'Maroon 5', 'artist_id': '04gDigrS5kc9YWfZHwBETP'}, {'artist': 'Christina Aguilera', 'artist_id': '1l7ZsJRRS8wlW3WfJfPfNS'}]","['pop', 'dance pop', 'post-teen pop']"
0FDzzruyVECATHXKHFs9eJ,A Sky Full of Stars,2023-02-17T06:36:43Z,267.866,80,"[{'artist': 'Coldplay', 'artist_id': '4gzpq5DPGxSnKTe4SA8HAU'}]","['permanent wave', 'pop']"
1HNkqx9Ahdgi1Ixy2xkKkL,Photograph,2023-02-17T06:36:37Z,258.986,82,"[{'artist': 'Ed Sheeran', 'artist_id': '6eUKZXaKkcviH0Ku9w2n3V'}]","['pop', 'uk pop']"
7oiGzkDfrxvgV1z1mP5muH,Buttercup,2023-02-15T06:04:08Z,209.28,49,"[{'artist': 'Kid Travis', 'artist_id': '6UWui6Csqc1ywqnDzjOWnk'}]",['pop']
7x5xYW5W42OGPAdHUyyguy,Locked Away (feat. Adam Levine),2023-02-13T08:44:59Z,227.48000000000002,76,"[{'artist': 'R. City', 'artist_id': '4TH4BHy0LdBi3dpBW4P2UX'}, {'artist': 'Adam Levine', 'artist_id': '4bYPcJP5jwMhSivRcqie2n'}]","['reggae fusion', 'virgin islands reggae', 'deep talent show']"
75MNhvTCCKsST3YqqUiU9r,Shivers,2023-02-13T08:16:45Z,207.853,70,"[{'artist': 'Ed Sheeran', 'artist_id': '6eUKZXaKkcviH0Ku9w2n3V'}]","['pop', 'uk pop']"
5euumi7eqEgmxvCIJw2pSp,Hot Rod,2023-02-13T06:37:52Z,204.014,69,"[{'artist': 'Dayglow', 'artist_id': '6eJa3zG1QZLRB3xgRuyxbm'}]","['austindie', 'indie rock', 'modern rock']"
61OJxhoY3Ix50rYVKo8zRK,Can I Call You Tonight?,2023-02-13T06:37:04Z,278.769,75,"[{'artist': 'Dayglow', 'artist_id': '6eJa3zG1QZLRB3xgRuyxbm'}]","['austindie', 'indie rock', 'modern rock']"
5x3AHjrsUggibm2XZ75ViB,Mar Jayian - Romantic,2023-02-13T06:22:52Z,288.96,43,"[{'artist': 'Vishal Dadlani', 'artist_id': '6CXEwIaXYfVJ84biCxqc9k'}, {'artist': 'Sunidhi Chauhan', 'artist_id': '3eDT9fwXKuHWFvgZaaYC5v'}, {'artist': 'Bann Chakraborty', 'artist_id': '1lKQzT2nqtUqCvdz8YczIh'}]","['desi pop', 'filmi', 'modern bollywood', 'sufi']"
0snQrp1VaY5Pj1YIHRJpRJ,Chaand Baaliyan,2023-02-13T06:16:35Z,103.264,77,"[{'artist': 'Aditya A', 'artist_id': '4wwYGgSpeBtvk5WX6HBqzw'}]","['desi pop', 'hindi indie', 'modern bollywood']"
07REvABpy6jF1QWvcOL8Iw,Teri Jhuki Nazar,2023-02-12T20:39:09Z,277.906,35,"[{'artist': 'Pritam', 'artist_id': '1wRPtKGflJrBx9BmLsSwlU'}, {'artist': 'Shafqat Amanat Ali', 'artist_id': '5SuRAj1A9FEHj5NxS86YAm'}]","['filmi', 'indian instrumental', 'modern bollywood', 'classic pakistani pop', 'desi pop', 'pakistani pop', 'sufi']"
6EgwlXnFrfkFqOKqY3dqki,Mayonaka No Door / Stay With Me,2023-02-12T04:26:16Z,178.20000000000002,54,"[{'artist': 'Chris Andrian Yang', 'artist_id': '74DSMvAfXpnN3c1KCfvFwQ'}]",['indonesian singer-songwriter']
11ZulcYY4lowvcQm4oe3VJ,Slumber Party (feat. Princess Nokia),2023-02-11T13:35:38Z,178.404,72,"[{'artist': 'Ashnikko', 'artist_id': '3PyJHH2wyfQK3WZrk9rpmP'}, {'artist': 'Princess Nokia', 'artist_id': '6lay1nwbE6hTx1jivysUAL'}]","['alt z', 'dance pop', 'electropop', 'escape room', 'pop', 'alternative r&b', 'lgbtq+ hip hop', 'trap queen', 'viral rap']"
395gJWcJQK0C3GJfHAn7f6,Sajdaa,2023-02-10T18:49:35Z,365.706,60,"[{'artist': 'Shankar-Ehsaan-Loy', 'artist_id': '0L5GV6LN8SWWUWIdBbTLTZ'}, {'artist': 'Rahat Fateh Ali Khan', 'artist_id': '3OLGltG8UPIea8sA4w0yg0'}, {'artist': 'Shankar Mahadevan', 'artist_id': '1SJOL9HJ08YOn92lFcYf8a'}, {'artist': 'Richa Sharma', 'artist_id': '2hgViyN0RqyQQpfjIb0g3W'}]","['desi pop', 'filmi', 'modern bollywood', 'classic pakistani pop', 'qawwali', 'sufi', 'classic bollywood']"
0tE3kaT3c9tjSiOqZJnM1X,Sun Maahi,2023-02-10T11:24:02Z,169.404,64,"[{'artist': 'Armaan Malik', 'artist_id': '4IKVDbCSBTxBeAsMKjAuTs'}, {'artist': 'Amaal Mallik', 'artist_id': '76fuWYgIf3TVIopTs3vaJ6'}]","['desi pop', 'filmi', 'modern bollywood']"
6NS5xZR94aGMVIw3MEmclz,Sun Maahi (English Version),2023-02-10T11:22:23Z,171.06300000000002,52,"[{'artist': 'Armaan Malik', 'artist_id': '4IKVDbCSBTxBeAsMKjAuTs'}, {'artist': 'Amaal Mallik', 'artist_id': '76fuWYgIf3TVIopTs3vaJ6'}]","['desi pop', 'filmi', 'modern bollywood']"
4gqHEia13bp5EFWGitiKWx,Chor Bazaari,2023-02-10T09:28:21Z,257.44,53,"[{'artist': 'Neeraj Shridhar', 'artist_id': '3tHD07u1ON4uHxmnT9rwqZ'}, {'artist': 'Sunidhi Chauhan', 'artist_id': '3eDT9fwXKuHWFvgZaaYC5v'}, {'artist': 'Pritam', 'artist_id': '1wRPtKGflJrBx9BmLsSwlU'}]","['desi hip hop', 'desi pop', 'filmi', 'modern bollywood', 'sufi', 'indian instrumental']"
22kRCQPyNXWZSQEcDvCmGD,Gulabi,2023-02-10T09:18:08Z,230.661,58,"[{'artist': 'Sachin-Jigar', 'artist_id': '1mBydYMVBECdDmMfE2sEUO'}, {'artist': 'Jigar Saraiya', 'artist_id': '48RCl7AbbfhC60EN8a80Op'}, {'artist': 'Priya Saraiya', 'artist_id': '6q29t5RuXxlBuqIZsOMQss'}, {'artist': 'Jaideep Sahni', 'artist_id': '5kPOMQZvgkAEnRZqwn9SYQ'}]","['desi pop', 'filmi', 'gujarati pop', 'modern bollywood']"
3lxaMlRmb2r3rLXhhJVj1u,Wake Up Sid! - Club Mix,2023-02-10T09:17:30Z,223.946,43,"[{'artist': 'Shankar-Ehsaan-Loy', 'artist_id': '0L5GV6LN8SWWUWIdBbTLTZ'}, {'artist': 'Shankar Mahadevan', 'artist_id': '1SJOL9HJ08YOn92lFcYf8a'}]","['desi pop', 'filmi', 'modern bollywood']"
4c8erEn1DjLoDp0CRLkNnq,Nachde Ne Saare,2023-02-10T09:12:47Z,194.761,63,"[{'artist': 'Jasleen Royal', 'artist_id': '74OaRjmyh0XyRZsQQQ5l7c'}, {'artist': 'Harshdeep Kaur', 'artist_id': '3xU8YsNNkmWSPewlB18NUz'}, {'artist': 'Siddharth Mahadevan', 'artist_id': '7hwEGO7U6JwQ7M1teoO8GW'}]","['desi pop', 'filmi', 'indian singer-songwriter', 'modern bollywood', 'sufi']"
3TAhWtQnpoL5Vl9VQPl9fU,Senorita,2023-02-10T09:11:16Z,229.57500000000002,60,"[{'artist': 'Farhan Akhtar', 'artist_id': '0XL6ie7a0NY5FM05b9Rn5L'}, {'artist': 'Hrithik Roshan', 'artist_id': '5TWDvkVWG1vayan1QA9q8U'}, {'artist': 'Abhay Deol', 'artist_id': '1WTFOsRsg1Vzx5NzyE53JR'}, {'artist': 'Maria Del Mar Fernandez', 'artist_id': '1BUoAbyYuvOr13MjHqgdOy'}]","['desi pop', 'filmi', 'indian indie', 'modern bollywood']"
5gN3uHEvCU4Ui6RBCN1lEA,Life Is Crazy,2023-02-10T09:07:25Z,221.8,45,"[{'artist': 'Shankar-Ehsaan-Loy', 'artist_id': '0L5GV6LN8SWWUWIdBbTLTZ'}, {'artist': 'Uday Benegal', 'artist_id': '4UUhpxk7Znfhj3DfZycudP'}, {'artist': 'Shankar Mahadevan', 'artist_id': '1SJOL9HJ08YOn92lFcYf8a'}, {'artist': 'Loy Mendonsa', 'artist_id': '1KIKn2xA1mgC7uJTcS1hEU'}, {'artist': 'Alyssa Mendonsa', 'artist_id': '279ZItWl3nzCaO4SJJdzAN'}]","['desi pop', 'filmi', 'modern bollywood']"
3JbujPTeag5mDMAcye3vDD,Choomantar,2023-02-10T09:06:12Z,260.414,50,"[{'artist': 'Sohail Sen', 'artist_id': '1bTROl5p3rGTpvKeWnGgrw'}, {'artist': 'Benny Dayal', 'artist_id': '61if35zz1W11GejEkxTLEQ'}, {'artist': 'Aditi Singh Sharma', 'artist_id': '4iW4xSfMEIvrXM0Iu3aFDY'}, {'artist': 'Irshad Kamil', 'artist_id': '3GdSQUH1BRtl9UrrtuwJlP'}]","['desi pop', 'filmi', 'modern bollywood', 'tollywood']"
3rsx3pDYM3a08O0Yu3Tq6V,Pretty Woman,2023-02-10T07:58:58Z,353.88,56,"[{'artist': 'Shankar-Ehsaan-Loy', 'artist_id': '0L5GV6LN8SWWUWIdBbTLTZ'}, {'artist': 'Shankar Mahadevan', 'artist_id': '1SJOL9HJ08YOn92lFcYf8a'}, {'artist': 'Ravi ""Rags"" Khote', 'artist_id': '7jhqJGN86YT2lS3i1HgO13'}]","['desi pop', 'filmi', 'modern bollywood']"
2vB9ME0oZwfTGAUMC71CaT,Missing Piece,2023-02-09T04:50:46Z,215.84,63,"[{'artist': 'Vance Joy', 'artist_id': '10exVja0key0uqUkk6LJRT'}]","['folk-pop', 'pop']"
1u8c2t2Cy7UBoG4ArRcF5g,Blank Space,2023-02-09T04:22:02Z,231.826,82,"[{'artist': 'Taylor Swift', 'artist_id': '06HL4z0CvFAxyc27GXpf02'}]",['pop']
567e29TDzLwZwfDuEpGTwo,STAY (with Justin Bieber),2023-02-09T04:21:59Z,141.805,81,"[{'artist': 'The Kid LAROI', 'artist_id': '2tIP7SsRs7vjIcLrU85W8J'}, {'artist': 'Justin Bieber', 'artist_id': '1uNFoZAHBGtllmzznpCI3s'}]","['australian hip hop', 'pop', 'canadian pop']"
5cF0dROlMOK5uNZtivgu50,Attention,2023-02-09T04:21:55Z,208.786,79,"[{'artist': 'Charlie Puth', 'artist_id': '6VuMaDnrHyPL1p4EHjYLi7'}]","['dance pop', 'pop', 'viral pop']"
7bad461siaxECNlaYsmIo6,Love Story,2023-02-09T04:21:51Z,236.25300000000001,46,"[{'artist': 'Taylor Swift', 'artist_id': '06HL4z0CvFAxyc27GXpf02'}]",['pop']
1BzYFQWjXHLZ0c7AGJtL1Z,forever&more,2023-02-09T04:21:39Z,176.44,61,"[{'artist': 'ROLE MODEL', 'artist_id': '1dy5WNgIKQU6ezkpZs4y8z'}]","['bedroom pop', 'pop']"
2iuZJX9X9P0GKaE93xcPjk,Sugar,2023-02-09T04:21:25Z,235.493,78,"[{'artist': 'Maroon 5', 'artist_id': '04gDigrS5kc9YWfZHwBETP'}]",['pop']
5NDUXbMwcnTQp66tI2zcdR,Fresh Eyes,2023-02-09T04:21:19Z,198.001,63,"[{'artist': 'Andy Grammer', 'artist_id': '2oX42qP5ineK3hrhBECLmj'}]","['dance pop', 'neo mellow', 'pop', 'pop rap', 'pop rock', 'post-teen pop']"
7wBrglFVTNCcW6IhdgBkm1,Paradise,2023-02-09T04:21:17Z,278.719,38,"[{'artist': 'Coldplay', 'artist_id': '4gzpq5DPGxSnKTe4SA8HAU'}]","['permanent wave', 'pop']"
3OaBCFROgrLRbZGCFP6E3M,You Belong With Me,2023-02-09T04:21:09Z,232.12,48,"[{'artist': 'Taylor Swift', 'artist_id': '06HL4z0CvFAxyc27GXpf02'}]",['pop']
4Dvkj6JhhA12EX05fT7y2e,As It Was,2023-02-09T04:20:56Z,167.303,89,"[{'artist': 'Harry Styles', 'artist_id': '6KImCVD70vtIoJWnq6nGn3'}]",['pop']
6aZ8xwHXBLY8Cph8GWdtWr,Automatic (feat. Jake Miller),2023-02-08T18:24:03Z,157.472,62,"[{'artist': 'Fly By Midnight', 'artist_id': '4rQTEdG6hDVOlDUFKs9EjZ'}, {'artist': 'Jake Miller', 'artist_id': '3gggmBN0erstm3YJvEGe3t'}]","['electropop', 'pop', 'tropical house', 'indie pop rap', 'post-teen pop']"
09lHMI8JCO8EbGBR9yDvMp,Cutie,2023-02-08T18:11:31Z,184.315,54,"[{'artist': 'COIN', 'artist_id': '0ZxZlO7oWCSYMXhehpyMvE'}]","['indie pop', 'modern rock', 'pop']"
4u7EnebtmKWzUH433cf5Qv,Bohemian Rhapsody - Remastered 2011,2023-02-08T18:09:57Z,354.32,78,"[{'artist': 'Queen', 'artist_id': '1dfeR4HaWDbWqFHLkxsg1d'}]","['classic rock', 'glam rock', 'rock']"
0GO8y8jQk1PkHzS31d699N,Tongue Tied,2023-02-08T18:08:36Z,218.013,75,"[{'artist': 'Grouplove', 'artist_id': '3kVUvbeRdcrqQ3oHk5hPdx'}]","['indie pop', 'indie poptimism', 'indie rock', 'indietronica', 'la indie', 'modern alternative rock', 'modern rock', 'rock', 'stomp and holler']"
4cZ3UsiKd1kUQIaq4BFIj2,No One Compares To You,2023-02-08T18:06:55Z,182.92000000000002,63,"[{'artist': 'Jack & Jack', 'artist_id': '1INuLZXjjVbcJRyWvD1iSq'}]","['dance pop', 'pop', 'post-teen pop', 'social media pop', 'teen pop']"
3aVyHFxRkf8lSjhWdJ68AW,Just Another Girl,2023-02-08T18:05:35Z,262.0,59,"[{'artist': 'The Killers', 'artist_id': '0C0XlULifJtAgn6ZNCW2eu'}]","['alternative rock', 'dance rock', 'modern rock', 'permanent wave', 'rock']"
2IWWOWS7n00wpz1ewqEC8w,Infinitely Ordinary,2023-02-08T18:04:28Z,172.986,50,"[{'artist': 'The Wrecks', 'artist_id': '458aS6ALc3QkzwfR5USt34'}]","['la indie', 'modern alternative rock', 'modern rock', 'rock']"
57iDDD9N9tTWe75x6qhStw,Bitter Sweet Symphony,2023-02-08T18:03:24Z,357.266,76,"[{'artist': 'The Verve', 'artist_id': '2cGwlqi3k18jFpUyTrsR84'}]","['alternative rock', 'britpop', 'permanent wave', 'pop rock', 'rock', 'shoegaze']"
2cGxRwrMyEAp8dEbuZaVv6,Instant Crush (feat. Julian Casablancas),2023-02-08T17:52:08Z,337.56,73,"[{'artist': 'Daft Punk', 'artist_id': '4tZwfgrHOc3mvqYlEYSvVi'}, {'artist': 'Julian Casablancas', 'artist_id': '1rAv1GhTQ2rmG94p9lU3rB'}]","['electro', 'filter house', 'indie rock']"
3H43T5swYywvcdCBFiDgW6,Manwa Laage,2023-02-08T06:41:23Z,272.082,58,"[{'artist': 'Shreya Ghoshal', 'artist_id': '0oOet2f43PA68X5RxKobEy'}, {'artist': 'Arijit Singh', 'artist_id': '4YRxDV8wJFPHPTeXepOstw'}]","['desi pop', 'filmi', 'modern bollywood']"
0sT56zcByY6pW1EQcNDCla,Ravi,2023-02-06T15:19:12Z,229.46200000000002,36,"[{'artist': 'Sajjad Ali', 'artist_id': '5THsb9SGB89ZN6mj7ZYVSD'}]","['classic pakistani pop', 'ghazal', 'pakistani pop', 'sufi']"
1rDjwexewf4hrdZT7SRNsH,Nasha (Equals Sessions),2023-02-06T08:59:58Z,287.573,64,"[{'artist': 'Faridkot', 'artist_id': '6JUEjbhKiAZFmMRrudNHgL'}, {'artist': 'Amar Jalal', 'artist_id': '2zZ39d8KJqwu7TkF4dEh03'}]","['hindi indie', 'indian folk', 'indian indie', 'indian rock', 'new delhi indie']"
4upxQAhc1XWpCi0nDqRc5x,"Pyaar Mein Tere (From ""Date with College Senior"")",2023-02-05T09:13:25Z,148.085,45,"[{'artist': 'Ashish Singh Rawat', 'artist_id': '39KTQMemyrJIX024TmAkY2'}]",['new delhi indie']
0fIbPMXnTdyuW2UirA9mWQ,Pal Behta Jaaye,2023-02-05T08:57:40Z,174.54500000000002,64,"[{'artist': 'Vismay Patel', 'artist_id': '43jHbOAD9UtOEO1la8CVHs'}]","['assamese pop', 'desi pop', 'indian indie', 'indian singer-songwriter', 'modern bollywood']"
2KsW8e8doaI24GfFo08hnx,"Main Chala - From ""Song of the Rive Ganga""",2023-02-05T08:46:11Z,258.23900000000003,37,"[{'artist': 'Shantanu Moitra', 'artist_id': '6hpDlOvqsnIxrPegGTWVY1'}, {'artist': 'Mohit Chauhan', 'artist_id': '5GnnSrwNCGyfAU4zuIytiS'}]","['classic bollywood', 'filmi', 'modern bollywood', 'desi pop']"
3D0pmiK3zyF9PudyJ8mkor,Ma Belle,2023-02-03T20:52:44Z,160.824,65,"[{'artist': 'AP Dhillon', 'artist_id': '6LEG9Ld1aLImEFEVHdWNSB'}, {'artist': 'Amari', 'artist_id': '6833GgqHOy9y9Dqnsxko1u'}]","['punjabi hip hop', 'punjabi pop']"
1aL9518P5G72N92b48tuKw,Summer High,2023-02-03T20:45:08Z,177.391,75,"[{'artist': 'AP Dhillon', 'artist_id': '6LEG9Ld1aLImEFEVHdWNSB'}]","['punjabi hip hop', 'punjabi pop']"
0912JziGoyyDFCu2WGwaIq,Chale Sabse Dur,2023-02-03T20:43:39Z,184.334,45,"[{'artist': 'Ganeshsingh Rathore', 'artist_id': '5JzFGqPyWUuppTKaB9VSFT'}]",[]
5Kp1rDbVSa1ZS1nbCeB67J,Falsafa,2023-02-03T20:13:08Z,180.17000000000002,58,"[{'artist': 'Tanzeel Khan', 'artist_id': '64Bnlany1OG6esdJyOxyey'}]","['desi pop', 'modern bollywood']"
7Els4IIFYa4P4RxBkZkxdd,Apna Bana Le,2023-02-03T19:56:43Z,261.702,82,"[{'artist': 'Sachin-Jigar', 'artist_id': '1mBydYMVBECdDmMfE2sEUO'}, {'artist': 'Arijit Singh', 'artist_id': '4YRxDV8wJFPHPTeXepOstw'}, {'artist': 'Amitabh Bhattacharya', 'artist_id': '2fMqTqiTxUDlmcOEPaQSsx'}]","['desi pop', 'filmi', 'gujarati pop', 'modern bollywood']"
73K33p4Vyz9koXGqmL5eFs,Malang Sajna,2023-02-03T19:54:09Z,161.041,74,"[{'artist': 'Sachet Tandon', 'artist_id': '6WOdPJmexxFINcKMkP2jMG'}, {'artist': 'Parampara Tandon', 'artist_id': '1E6arsXf5Fgsnv9YpSzjpE'}, {'artist': 'Kumaar', 'artist_id': '0m3D4grap8VFSzbJMqgNVk'}]","['desi pop', 'modern bollywood']"
6RUKPb4LETWmmr3iAEQktW,Something Just Like This,2023-02-03T09:42:58Z,247.16,81,"[{'artist': 'The Chainsmokers', 'artist_id': '69GGBxA162lTqCwzJG5jLp'}, {'artist': 'Coldplay', 'artist_id': '4gzpq5DPGxSnKTe4SA8HAU'}]","['dance pop', 'edm', 'electropop', 'pop', 'pop dance', 'tropical house', 'permanent wave']"
3AJwUDP919kvQ9QcozQPxg,Yellow,2023-02-03T09:39:24Z,266.773,85,"[{'artist': 'Coldplay', 'artist_id': '4gzpq5DPGxSnKTe4SA8HAU'}]","['permanent wave', 'pop']"
3kcX1eNaWhs3uqgwpRWgID,Acting My Age,2023-02-01T13:14:40Z,222.312,52,"[{'artist': 'The Academic', 'artist_id': '3VLf4DlBTN2ZRwygS3TNti'}]","['irish indie', 'modern rock']"
0MJCvfI7CV8drZaQlJynYR,Rock Tha Party,2023-02-01T06:52:31Z,211.489,45,"[{'artist': 'Bombay Rockers', 'artist_id': '1bLQBuSop3ekE5Qustj5nP'}]",['bhangra']
3wz2vWhYnnBoFmgMkqtzLy,Daku,2023-01-29T18:18:05Z,131.077,78,"[{'artist': 'Chani Nattan', 'artist_id': '1sSYaQBOI71QZDZ9OWW3hp'}, {'artist': 'Inderpal Moga', 'artist_id': '4Lk9Mory8nRTolPO1TMMcN'}]","['desi hip hop', 'desi pop', 'punjabi pop']"
4RtvAfvD8lgqqBnojwaDI8,Gori Gori Gori Gori,2023-01-29T11:47:24Z,268.8,51,"[{'artist': 'Anu Malik', 'artist_id': '71hjb5G92mGoKRSAW3Cj00'}, {'artist': 'KK', 'artist_id': '4fEkbug6kZzzJ8eYX6Kbbp'}, {'artist': 'Shreya Ghoshal', 'artist_id': '0oOet2f43PA68X5RxKobEy'}, {'artist': 'Sunidhi Chauhan', 'artist_id': '3eDT9fwXKuHWFvgZaaYC5v'}]","['classic bollywood', 'desi pop', 'filmi', 'modern bollywood', 'sufi']"
0Jfto97vm1m1qaQYIKNvvC,Kyun,2023-01-29T10:12:28Z,170.342,6,"[{'artist': 'Bombay Noor', 'artist_id': '2ho4gO8ePt7eEmZ134wHXe'}]",[]
0y675KDleCZEudjoeL1sQQ,Feelings,2023-01-29T04:38:16Z,189.613,0,"[{'artist': 'Lauv', 'artist_id': '5JZ7CnR6gTvEMKX4g70Amv'}]","['dance pop', 'electropop', 'pop']"
2zN2Gj1ymGyG5FjZY70P1f,Yeh Kahan Aa Gaye Hum,2023-01-28T18:47:55Z,474.906,47,"[{'artist': 'Lata Mangeshkar', 'artist_id': '61JrslREXq98hurYL2hYoc'}, {'artist': 'Amitabh Bachchan', 'artist_id': '4tgxFlmtGx08MtTKWeqEuR'}]","['classic bollywood', 'desi pop', 'filmi', 'lata', 'ghazal']"
6gHVMInOPMsA4ujf0nWHSt,Ishq Di Baajiyaan,2023-01-28T17:16:15Z,287.134,57,"[{'artist': 'Shankar-Ehsaan-Loy', 'artist_id': '0L5GV6LN8SWWUWIdBbTLTZ'}, {'artist': 'Diljit Dosanjh', 'artist_id': '2FKWNmZWDBZR4dE5KX4plR'}]","['desi pop', 'filmi', 'modern bollywood']"
4qOtDofZEAOYJ1Dq9GXgiM,Mahiya,2023-01-28T12:13:45Z,264.333,56,"[{'artist': ""Suzzane D'Mello"", 'artist_id': '6uOKeyhLuByJRekqUVSkwW'}]","['desi pop', 'modern bollywood']"
3KBPTAzXe8lKWeJMzHyYjT,Heartbroke,2023-01-28T06:07:56Z,183.9,36,"[{'artist': 'Clubhouse', 'artist_id': '1LbK4g8mKezX7iAmpiq3sX'}]",['columbus ohio indie']
2D4F8zNSuIxbAGFHCefluM,dancefloor,2023-01-28T06:07:43Z,198.0,45,"[{'artist': 'marcos g', 'artist_id': '3O2UFvuhmgSDH3q6miqELN'}]","['chill r&b', 'indie r&b']"
7gpmEGMOAti4brA7PSCRp4,Wait!,2023-01-28T06:07:16Z,168.951,48,"[{'artist': 'Fiji Blue', 'artist_id': '1e7K8jD3wRuQfnwDAOeGqe'}]","['chill pop', 'chill r&b', 'pop']"
2OKNKNYfp38QrQmigSbqFk,The Beach,2023-01-28T06:05:36Z,165.677,34,"[{'artist': 'Max Leone', 'artist_id': '4VrJDwgmhD1aIenZwn7JpE'}]",['modern indie pop']
7zFtgo8QMmJQj6dWKrtQwM,Weekend,2023-01-28T06:04:04Z,188.38,53,"[{'artist': 'Clubhouse', 'artist_id': '1LbK4g8mKezX7iAmpiq3sX'}]",['columbus ohio indie']
3Vtl4Xc9cKVs1UoenXtScn,Floating (feat. Khalid) [filous Remix],2023-01-28T06:00:08Z,200.865,54,"[{'artist': 'Alina Baraz', 'artist_id': '6hfwwpXqZPRC9CsKI7qtv1'}, {'artist': 'filous', 'artist_id': '2IjiuEObrCKyZvSb8xLxG9'}, {'artist': 'Khalid', 'artist_id': '6LuN9FCkKOj5PcnpouEgny'}]","['etherpop', 'pop', 'r&b', 'deep tropical house', 'tropical house', 'pop r&b']"
5eLjgK8JT276Xs8500KdEn,Affection,2023-01-28T05:59:07Z,174.211,57,"[{'artist': 'Fiji Blue', 'artist_id': '1e7K8jD3wRuQfnwDAOeGqe'}]","['chill pop', 'chill r&b', 'pop']"
5Q9KfZHV6BZZLQzhKpfPpq,I Should've Told You,2023-01-28T05:54:51Z,197.522,51,"[{'artist': 'Fiji Blue', 'artist_id': '1e7K8jD3wRuQfnwDAOeGqe'}]","['chill pop', 'chill r&b', 'pop']"
48inQWE37d5Q9rws69KRmM,Stuck Inside,2023-01-27T07:30:41Z,107.2,0,"[{'artist': 'CaliCronk', 'artist_id': '7IWTF2SJ9kPwh5YH92KF9q'}, {'artist': 'Lifted LoFi', 'artist_id': '0rgw0PdrFhmiayr1srwKkH'}]","['focus beats', 'lo-fi beats']"
7APBdGLgu0DXdIfqSgNiOv,Ruka Hoon,2023-01-27T06:16:21Z,168.935,37,"[{'artist': 'Jigar Saraiya', 'artist_id': '48RCl7AbbfhC60EN8a80Op'}]",['modern bollywood']
7LOR8Rdc5n2EkduOXZeTp6,Amend,2023-01-26T03:11:16Z,104.15,62,"[{'artist': 'j^p^n', 'artist_id': '6s3PbveUJMvMwZHyQUAPV4'}]",[]
3xoeyCTIlvBaLuTmewPRwL,Weli Ho,2023-01-25T20:54:38Z,200.439,39,"[{'artist': 'Hasan Raheem', 'artist_id': '6gIqKYKRmltKfkTnxhMv8V'}, {'artist': 'Abdullah Kasumbi', 'artist_id': '0GlE0oxdKhuakcFHkeZ7fR'}, {'artist': 'Talhah Yunus', 'artist_id': '3mGW1eoqwNtCxd8R3hIOM5'}]","['desi hip hop', 'pakistani indie', 'pakistani pop', 'pakistani hip hop']"
6snNUMOI96RDQ54NsTInt7,Maybe?,2023-01-25T20:53:26Z,154.766,24,"[{'artist': 'Alemam Elghandour', 'artist_id': '3HAn0ZaBosAui4f1jggyLi'}, {'artist': 'Alistair Alvin', 'artist_id': '6oVcou7NADA31wfWBtZchF'}]",['pakistani indie']
2LCvypYL9a21Hln4A4EdWU,Haaray,2023-01-25T20:49:46Z,184.0,57,"[{'artist': 'Abdul Hannan', 'artist_id': '5mWQT8CLTa4mAQAJdFjHb1'}]","['pakistani indie', 'pakistani pop']"
3dBnKADF2MmLXM9IopV9Bt,Pink Blue,2023-01-25T20:48:32Z,205.714,53,"[{'artist': 'Tsumyoki', 'artist_id': '19jx3wc1iRshvEKMvzZc1X'}, {'artist': 'Bharg', 'artist_id': '5mUENA9ewpJd5z9KuwOKrd'}]","['desi hip hop', 'hindi hip hop']"
7rtaBPvxCSw2bKY8miNyLa,Har Ek Pal,2023-01-25T20:48:09Z,196.875,50,"[{'artist': 'Ashu Shukla', 'artist_id': '15iD55LPew2DyTQDqoV0F1'}]",['indian singer-songwriter']
1UqhkbzB1kuFwt2iy4h29Q,Cough Syrup,2023-01-25T08:53:14Z,249.52,67,"[{'artist': 'Young the Giant', 'artist_id': '4j56EQDQu5XnL7R3E9iFJT'}]","['modern alternative rock', 'modern rock', 'rock', 'stomp and holler']"
5pUrlEGxrzuC2PzjcqBFRA,Phir Bekhabar,2023-01-25T08:51:08Z,197.304,46,"[{'artist': 'Ashwin Adwani', 'artist_id': '5kiwICyQNDmCtwOPLvgY04'}]",['indian singer-songwriter']
5on36dq2B35S2RRGvNQCRo,Gumsum,2023-01-25T08:50:39Z,175.862,42,"[{'artist': 'Akanksha Bhandari', 'artist_id': '2U5K35Kwj0LqkfG3ENnnSL'}]",['himachali pop']
7zn5ecZSwGsLTi1wgxyVzd,Bolna,2023-01-25T07:40:02Z,212.832,50,"[{'artist': 'Tanishk Bagchi', 'artist_id': '4f7KfxeHq9BiylGmyXepGt'}, {'artist': 'Arijit Singh', 'artist_id': '4YRxDV8wJFPHPTeXepOstw'}, {'artist': 'Asees Kaur', 'artist_id': '1sVmXkzX2ukc6QvasrDBES'}]","['desi pop', 'modern bollywood', 'filmi']"
3ZOD3aghbxBkgKsLu2jOEK,These Memories,2023-01-25T07:36:37Z,313.48,53,"[{'artist': 'Hollow Coves', 'artist_id': '7IAFAOtc9kTYNTizhLSWM6'}]",['indie folk']
4sDbdBjuYQVdNNB4PiHUPo,Coastline,2023-01-25T06:24:39Z,233.973,70,"[{'artist': 'Hollow Coves', 'artist_id': '7IAFAOtc9kTYNTizhLSWM6'}]",['indie folk']
0lbe1bIqb5rR1czdQP6fTK,Kahaani,2023-01-24T17:15:02Z,188.20000000000002,52,"[{'artist': 'Dream Note', 'artist_id': '4o0mCeiUIVdknPUMhpO0bd'}]","['hindi indie', 'indian indie', 'modern bollywood']"
70LcF31zb1H0PyJoS1Sx1r,Creep,2023-01-24T10:51:34Z,238.64000000000001,82,"[{'artist': 'Radiohead', 'artist_id': '4Z8W4fKeB5YxbusRsdQVPb'}]","['alternative rock', 'art rock', 'melancholia', 'oxford indie', 'permanent wave', 'rock']"
7AsG1F1eMWd17RYan8M3Wm,Dil Nu,2023-01-21T17:14:53Z,233.666,71,"[{'artist': 'AP Dhillon', 'artist_id': '6LEG9Ld1aLImEFEVHdWNSB'}, {'artist': 'Shinda Kahlon', 'artist_id': '6aQfrWHwAcuY8IYItbChZh'}]","['punjabi hip hop', 'punjabi pop']"
4f054EB1ZpF9xjHboY1WjE,Jaau Jaan Se,2023-01-18T10:15:47Z,197.484,30,"[{'artist': 'Rochak Kohli', 'artist_id': '3dN9MQpjIyNxyeRfz4EDZe'}, {'artist': 'Lisa Mishra', 'artist_id': '418X5slNWlJwym4x3Oq3Cs'}, {'artist': 'Kumaar', 'artist_id': '0m3D4grap8VFSzbJMqgNVk'}]","['desi pop', 'modern bollywood']"
0cjzBWWaajWWzQmmldEqus,Jaau Jaan Se - Chill Mix,2023-01-18T10:10:36Z,200.172,27,"[{'artist': 'Rochak Kohli', 'artist_id': '3dN9MQpjIyNxyeRfz4EDZe'}, {'artist': 'Lisa Mishra', 'artist_id': '418X5slNWlJwym4x3Oq3Cs'}, {'artist': 'Kumaar', 'artist_id': '0m3D4grap8VFSzbJMqgNVk'}]","['desi pop', 'modern bollywood']"
6vKTm5I3Nqpw6CJt7NgHLz,Pagol,2023-01-16T08:24:26Z,219.335,0,"[{'artist': 'Deep Jandu', 'artist_id': '2RJawMqX9ESxws2KMtHyP3'}, {'artist': 'Bohemia', 'artist_id': '0SWOtgI95g7oVrP9halrmP'}]","['desi hip hop', 'desi pop', 'punjabi hip hop', 'punjabi pop', 'pakistani hip hop']"
52AXCViV9CJCayQkIzokkr,Kiska Rasta Dekhe - Joshila / Soundtrack Version,2023-01-11T18:59:30Z,257.92,33,"[{'artist': 'Kishore Kumar', 'artist_id': '0GF4shudTAFv8ak9eWdd4Y'}]","['classic bollywood', 'desi pop', 'filmi', 'modern bollywood']"
66KBRmenGEJkTKtbTWl7tS,Tum Ko Dekha To Yeh Khayal Aaya,2023-01-11T18:41:47Z,291.06600000000003,54,"[{'artist': 'Jagjit Singh', 'artist_id': '2ijWbN5KykTYiBoVmhzCTU'}, {'artist': 'Chitra Singh', 'artist_id': '6pDga1iElP4dCa4S5bYvoo'}]","['classic bollywood', 'desi pop', 'filmi', 'ghazal', 'hare krishna', 'sufi', 'classic pakistani pop']"
4XP2xY8tUYed1cceuh24Q8,Bedroom Eyes (feat. Studio Killers),2023-01-05T17:45:12Z,178.42000000000002,52,"[{'artist': 'The Knocks', 'artist_id': '2x7EATekOPhFGRx3syMGEC'}, {'artist': 'Studio Killers', 'artist_id': '7avo0PmlW8O1YLEt9DnWQT'}]","['alternative dance', 'edm', 'indie poptimism', 'indietronica', 'nu disco', 'pop', 'tropical house']"
6hZXNlQBcssbS8LgWOQAvb,Have U Seen Her,2023-01-05T15:12:14Z,178.653,38,"[{'artist': 'Kid Bloom', 'artist_id': '5CXdWANGwYYRPClH6hhC0P'}]","['indie pop', 'modern rock']"
6yOxL1xfPkv9Z9zvpNrMDU,I Think I Like You,2023-01-05T13:31:48Z,182.65800000000002,58,"[{'artist': 'The Band CAMINO', 'artist_id': '6d4jrmreCmsenscuieJERc'}]","['hopebeat', 'indie poptimism', 'neo mellow', 'pop', 'pop rock']"
0uBdQzKghx88d2Lp8SLFKJ,I'm In Love With You,2023-01-05T06:29:26Z,262.623,66,"[{'artist': 'The 1975', 'artist_id': '3mIj9lX2MWuHmhNCA7LSCW'}]","['modern alternative rock', 'modern rock', 'pop', 'rock']"
30nEXVvICu8Csi1Wgo0N1g,I Try,2023-01-05T06:28:23Z,147.996,32,"[{'artist': 'courtship.', 'artist_id': '2OK16hAFRHoJiFZKeZe8A8'}]","['indie poptimism', 'la pop', 'modern rock']"
50PyquzZ9BaBwLZZd1AuuV,Close To You,2023-01-05T06:20:39Z,194.693,66,"[{'artist': 'Dayglow', 'artist_id': '6eJa3zG1QZLRB3xgRuyxbm'}]","['austindie', 'indie rock', 'modern rock']"
2QwpEi3eNToZCCMMRcOj0u,2 / 14,2023-01-04T19:55:10Z,163.69,58,"[{'artist': 'The Band CAMINO', 'artist_id': '6d4jrmreCmsenscuieJERc'}]","['hopebeat', 'indie poptimism', 'neo mellow', 'pop', 'pop rock']"
3TgMcrV32NUKjEG2ujn9eh,It's Not Living (If It's Not With You),2023-01-04T19:54:12Z,248.335,72,"[{'artist': 'The 1975', 'artist_id': '3mIj9lX2MWuHmhNCA7LSCW'}]","['modern alternative rock', 'modern rock', 'pop', 'rock']"
23CvqlpnvMZ8d05t4vJUic,stay,2023-01-04T19:53:05Z,162.282,33,"[{'artist': 'PUBLIC', 'artist_id': '4vxaQs6vK54nK89J1VtLex'}]",['indie rockism']
0J8x2FryJyw7OVnEGYNFQE,Slow Dances,2023-01-04T19:50:43Z,232.28,55,"[{'artist': 'Winnetka Bowling League', 'artist_id': '4ug3P1K8BaCdJXROrqHqhu'}]","['indie pop', 'indie poptimism', 'la pop', 'modern alternative rock', 'modern rock']"
0o4iE4nFwqY1d2JKlrcMRb,Baby Blue Shades,2023-01-04T19:39:08Z,220.58,45,"[{'artist': 'Bad Suns', 'artist_id': '0YhUSm86okLWldQVwJkLlP'}]","['indie poptimism', 'la indie', 'modern alternative rock', 'modern rock']"
1egTwI51ntyJtJ1H1zNdz9,Wake Up,2023-01-04T13:38:33Z,191.013,55,"[{'artist': 'Run River North', 'artist_id': '0INDB6Snts5NDbzh8jC3lk'}]","['indie poptimism', 'modern alternative rock', 'modern rock', 'stomp and holler']"
4nAmlRetwMEZr2TsXuHcpD,Boys,2023-01-04T13:06:18Z,253.848,52,"[{'artist': 'Hippo Campus', 'artist_id': '1btWGBz4Uu1HozTwb2Lm8A'}]","['indie pop', 'indie poptimism', 'indie rock', 'minneapolis indie', 'modern alternative rock', 'modern rock']"
5TzpCPx20n4hELdE9Vw6ZQ,Courtside,2023-01-04T13:03:03Z,146.483,65,"[{'artist': 'Tim Atlas', 'artist_id': '3CiuXDKttPUT0tWGHicFUH'}]","['indie poptimism', 'indie r&b', 'indie soul', 'vapor soul']"
6sgqf4wXFWSAmjL1TEXNvZ,Something About You (with Rudimental) - Chill Mix,2023-01-03T15:03:47Z,166.53300000000002,61,"[{'artist': 'Elderbrook', 'artist_id': '2vf4pRsEY6LpL5tKmqWb64'}, {'artist': 'Rudimental', 'artist_id': '4WN5naL3ofxrVBgFpguzKo'}]","['edm', 'new french touch', 'tropical house', 'dance pop', 'house', 'pop', 'pop dance', 'uk dance', 'uk funky']"
4rXfbIpiDnGxZYIflm8LSQ,Killing Me,2023-01-03T15:03:46Z,165.773,54,"[{'artist': 'COIN', 'artist_id': '0ZxZlO7oWCSYMXhehpyMvE'}]","['indie pop', 'modern rock', 'pop']"
0qNrDydJChCsJItuqIrqRQ,Into My Arms,2023-01-03T15:03:30Z,231.42600000000002,43,"[{'artist': 'COIN', 'artist_id': '0ZxZlO7oWCSYMXhehpyMvE'}]","['indie pop', 'modern rock', 'pop']"
3q7P5zjUg0sa069nIohMLS,Stuck On You,2023-01-03T15:02:29Z,192.133,41,"[{'artist': 'RAC', 'artist_id': '4AGwPDdh1y8hochNzHy5HC'}, {'artist': 'Phil Good', 'artist_id': '3MDqk7o9WcL4FSvlyyGjRv'}]","['alternative dance', 'electropop', 'indie poptimism', 'indie rock', 'indietronica', 'metropopolis', 'modern rock', 'vapor soul', 'la pop']"
1Ng0B9PEKHOJsUywG24tzX,BOP,2023-01-03T15:02:25Z,176.266,30,"[{'artist': 'Will Joseph Cook', 'artist_id': '3YO2a6i2cfdFbgxk2HDfPe'}]","['indie pop', 'kent indie', 'modern alternative pop']"
4LO5DjN6Tp3UkUvgESuy2t,Samjhawan,2022-12-29T20:39:45Z,269.184,63,"[{'artist': 'Jawad Ahmad', 'artist_id': '2gXOOKY8mmJG6iwHrTq9gp'}, {'artist': 'Shaarib Toshi', 'artist_id': '0FJz7XR37hH69traaHLijA'}, {'artist': 'Arijit Singh', 'artist_id': '4YRxDV8wJFPHPTeXepOstw'}, {'artist': 'Shreya Ghoshal', 'artist_id': '0oOet2f43PA68X5RxKobEy'}]","['classic pakistani pop', 'modern bollywood', 'pakistani pop', 'desi pop', 'filmi']"
0HDm8hVrpUDAXLmvortmoy,Jaadoogari,2022-12-26T20:27:16Z,260.0,37,"[{'artist': 'Anand Bhaskar Collective', 'artist_id': '45m11y8OUyx5EgHiKvEC3c'}]","['hindi indie', 'indian fusion', 'indian indie', 'mumbai indie']"
6i9997Q9R4M7RuqQEHq3ed,Badra Bahara,2022-12-26T20:20:36Z,156.107,51,"[{'artist': 'Vismay Patel', 'artist_id': '43jHbOAD9UtOEO1la8CVHs'}]","['assamese pop', 'desi pop', 'indian indie', 'indian singer-songwriter', 'modern bollywood']"
3wwLWFRLiReDf5AqgmAJwT,Heer Ranjha,2022-12-26T20:12:39Z,223.107,73,"[{'artist': 'Rito Riba', 'artist_id': '63QHbwCDdJ50C72D4ojeo1'}, {'artist': 'Rajat Nagpal', 'artist_id': '4yxICw7joYAxRI2sTRldLB'}, {'artist': 'Rana Sotal', 'artist_id': '0AS5y6FY1c4JRl0oWAYu2y'}]",['punjabi pop']
2I0MIQhICYnKHvaxUHYH49,Shauq,2022-12-26T20:09:46Z,256.284,71,"[{'artist': 'Amit Trivedi', 'artist_id': '7HCqGPJcQTyGJ2yqntbuyr'}, {'artist': 'Varun Grover', 'artist_id': '23tDn4nvBiCQroeeCwwCWT'}, {'artist': 'Shahid Mallya', 'artist_id': '4LnYRxNZVCTsDCO2xKjOn8'}, {'artist': 'Sireesha Bhagavatula', 'artist_id': '3ZiBHBeZ3OAKJEkDWzQFHS'}, {'artist': 'Swanand Kirkire', 'artist_id': '4q7O0NIvhz0G1IgyfOmdcz'}]","['desi pop', 'filmi', 'modern bollywood']"
7wqNKCHh87HfIOGNgfyRCk,Ghodey Pe Sawaar,2022-12-26T20:05:43Z,193.832,65,"[{'artist': 'Amit Trivedi', 'artist_id': '7HCqGPJcQTyGJ2yqntbuyr'}, {'artist': 'Amitabh Bhattacharya', 'artist_id': '2fMqTqiTxUDlmcOEPaQSsx'}, {'artist': 'Sireesha Bhagavatula', 'artist_id': '3ZiBHBeZ3OAKJEkDWzQFHS'}]","['desi pop', 'filmi', 'modern bollywood']"
22eppS8Rqv8yk5t7DjDJ0e,Aja Mahi,2022-12-23T17:21:40Z,245.81300000000002,47,"[{'artist': 'RDB feat. Manjeet Singh, MC Metz & MC Trix', 'artist_id': '6nt1JWfZ4t1q05LPQQDc2S'}, {'artist': 'RDB', 'artist_id': '17dThZkTlOa35pmzuunKAz'}, {'artist': 'Manjeet Singh', 'artist_id': '0704uOGt0Aft7Xq019VVAN'}, {'artist': 'Mc Metz', 'artist_id': '06vDkIMROquIo24qoNm1Wk'}, {'artist': 'MC Trix', 'artist_id': '5sOgzfg5XUnrFXoAeHGzyq'}]","['classic bhangra', 'desi pop', 'bhangra', 'desi hip hop', 'modern bollywood', 'bboy']"
7m4CgL81VVIHaaiSxyH922,Desi Kalakaar,2022-12-23T17:21:36Z,253.352,65,"[{'artist': 'Yo Yo Honey Singh', 'artist_id': '7uIbLdzzSEqnX0Pkrb56cR'}]","['desi pop', 'filmi', 'hindi hip hop', 'modern bollywood']"
58f4twRnbZOOVUhMUpplJ4,Brown Munde,2022-12-23T17:18:02Z,254.4,70,"[{'artist': 'AP Dhillon', 'artist_id': '6LEG9Ld1aLImEFEVHdWNSB'}, {'artist': 'Gminxr', 'artist_id': '4vvW590Gq8dNWsP5BM9FkS'}, {'artist': 'Gurinder Gill', 'artist_id': '5DHi2MeoRgAwPE0A0qwRMl'}, {'artist': 'Shinda Kahlon', 'artist_id': '6aQfrWHwAcuY8IYItbChZh'}]","['punjabi hip hop', 'punjabi pop', 'desi pop']"
1C5e7ZRscn79tjMEc3swc7,Kangna,2022-12-23T17:17:04Z,210.68,58,"[{'artist': 'Dr Zeus', 'artist_id': '1zrFFDzoE9XXyjEqqgDpMm'}, {'artist': 'Master Rakesh', 'artist_id': '7KeHqlOZHTwKhGAT8qrQ8L'}, {'artist': 'Shortie', 'artist_id': '2yIbh3ljfJvWJw5VPj2n6t'}, {'artist': 'Deepti', 'artist_id': '7oa1NaHIJ7PtRzPbObT37j'}]","['bhangra', 'desi hip hop', 'desi pop', 'punjabi hip hop', 'punjabi pop', 'classic punjabi pop']"
32aiiYZCcgJpXmrotqRjdQ,U-N-I (Mere Dil Vich Hai Hum Tum),2022-12-23T17:15:59Z,217.547,43,"[{'artist': 'Veronica Mehta', 'artist_id': '4qlMklDafDfvlTzv7FszYN'}, {'artist': 'Juggy D.', 'artist_id': '49CLAvJ5RTy5SFYfvgzfmP'}]",[]
1mea3bSkSGXuIRvnydlB5b,Viva La Vida,2022-12-23T03:49:51Z,242.37300000000002,82,"[{'artist': 'Coldplay', 'artist_id': '4gzpq5DPGxSnKTe4SA8HAU'}]","['permanent wave', 'pop']"
7lxOjQyVsHQ8toQeT7IgCc,Wish,2022-12-22T07:32:06Z,175.273,61,"[{'artist': 'Diplo', 'artist_id': '5fMUXHkw8R8eOP2RNVYEZX'}, {'artist': 'Trippie Redd', 'artist_id': '6Xgp2XMz1fhVYe7i6yNAax'}]","['edm', 'electro house', 'house', 'moombahton', 'pop', 'pop dance', 'tropical house', 'melodic rap', 'rap', 'trap']"
1kJygfS4eoVziBBI93MSYp,Acoustic,2022-12-15T10:14:12Z,172.202,57,"[{'artist': 'Billy Raffoul', 'artist_id': '5gw5ANPCVcxU0maLiGRzzP'}]",['canadian pop']
5bB4eyM0bd4i5YIB3SyfBF,Jolie,2022-12-13T18:55:22Z,180.0,34,"[{'artist': 'Rook Monroe', 'artist_id': '0xwMjJn29gSNkQYNxc5IED'}]",[]
3xyr2xfbSZiZWWGsjLyMFh,Hotel,2022-12-13T18:50:02Z,134.781,60,"[{'artist': 'Claire Rosinkranz', 'artist_id': '3V0ZQW0dNuVaFtbVYgSI24'}]","['alt z', 'indie pop', 'modern indie pop', 'pop']"
3RarS3rfrwzwQVroRUdHiY,"Jaane Na Dunga Kahin (From ""Never Kiss your Best Friend"")",2022-12-12T19:39:07Z,191.612,48,"[{'artist': 'Armaan Malik', 'artist_id': '4IKVDbCSBTxBeAsMKjAuTs'}, {'artist': 'Yash Narvekar', 'artist_id': '4RlnRVxKm3jnUzOP4czbIK'}]","['desi pop', 'filmi', 'modern bollywood']"
25P2RJETt9AtUETbsNfcuR,Maiyya Mainu,2022-12-10T17:52:38Z,231.57500000000002,34,"[{'artist': 'Sachet Tandon', 'artist_id': '6WOdPJmexxFINcKMkP2jMG'}]","['desi pop', 'modern bollywood']"
7mVOFLVSE3dMGkhKTSDIGl,Apna Bana Le,2022-12-10T17:51:47Z,261.702,28,"[{'artist': 'Sachin-Jigar', 'artist_id': '1mBydYMVBECdDmMfE2sEUO'}, {'artist': 'Arijit Singh', 'artist_id': '4YRxDV8wJFPHPTeXepOstw'}]","['desi pop', 'filmi', 'gujarati pop', 'modern bollywood']"
3NpbGCDrcQTERaZb5dHhd3,"Nain Ta Heere (From ""Jugjugg Jeeyo"")",2022-12-10T17:48:03Z,216.328,65,"[{'artist': 'Guru Randhawa', 'artist_id': '5rQoBDKFnd1n6BkdbgVaRL'}, {'artist': 'Asees Kaur', 'artist_id': '1sVmXkzX2ukc6QvasrDBES'}]","['desi hip hop', 'desi pop', 'modern bollywood', 'filmi']"
3beYHVCFKzbdNjJqjKeYpM,Teri Jhuki Nazar,2022-12-09T08:29:48Z,279.186,62,"[{'artist': 'Pritam', 'artist_id': '1wRPtKGflJrBx9BmLsSwlU'}, {'artist': 'Shafqat Amanat Ali', 'artist_id': '5SuRAj1A9FEHj5NxS86YAm'}]","['filmi', 'indian instrumental', 'modern bollywood', 'classic pakistani pop', 'desi pop', 'pakistani pop', 'sufi']"
5frmIBzZKMjU2PlWJJ8Ir3,Tere Bin,2022-12-08T08:59:30Z,322.701,53,"[{'artist': 'Rabbi Shergill', 'artist_id': '7eYwycsUoAQLxKF1MNEvVa'}]","['filmi', 'modern bollywood', 'sufi']"
1aqfzt5mpPoi7kYTFlfnIi,Mileya Mileya,2022-12-07T04:47:57Z,266.279,52,"[{'artist': 'Rekha Bhardwaj', 'artist_id': '3cqeO3muWIW5uSmUDNCmyT'}, {'artist': 'Jigar Saraiya', 'artist_id': '48RCl7AbbfhC60EN8a80Op'}, {'artist': 'Priya Andrews', 'artist_id': '27RvbKA1WxAFTWwQc712tY'}]","['desi pop', 'filmi', 'modern bollywood']"
2RvFPkv3vIscajlP9hvcDv,Mirza,2022-12-07T04:44:30Z,60.0,60,"[{'artist': 'Lost Stories', 'artist_id': '4RCALXqxv2udxtuLatKPSi'}, {'artist': 'JAI DHIR', 'artist_id': '6T9VTdP8GxXoedKTls26pP'}]","['desi pop', 'hindi indie', 'indian edm', 'indian indie']"
1a8w8nlIyIhE2W1HIayKnl,"Ghodey Pe Sawaar (From ""Qala"")",2022-12-06T15:02:20Z,193.832,73,"[{'artist': 'Amit Trivedi', 'artist_id': '7HCqGPJcQTyGJ2yqntbuyr'}, {'artist': 'Amitabh Bhattacharya', 'artist_id': '2fMqTqiTxUDlmcOEPaQSsx'}, {'artist': 'Sireesha Bhagavatula', 'artist_id': '3ZiBHBeZ3OAKJEkDWzQFHS'}]","['desi pop', 'filmi', 'modern bollywood']"
5MxNLUsfh7uzROypsoO5qe,Dream On,2022-12-04T07:10:08Z,266.96,67,"[{'artist': 'Aerosmith', 'artist_id': '7Ey4PD4MYsKc5I2dolUwbH'}]","['album rock', 'classic rock', 'hard rock', 'rock']"
6966cgOPA1kF13BIoNXp24,"Mehbooba Mehbooba - From “Sholay Songs And Dialogues, Vol. 2” Soundtrack",2022-12-01T18:19:58Z,230.6,45,"[{'artist': 'R. D. Burman', 'artist_id': '2JSYASbWU5Y0fVpts3Eq7g'}]","['chutney', 'classic bollywood', 'filmi', 'modern bollywood']"
3rPtS4nfpy7PsARctAWpzd,Best Friend,2022-12-01T17:49:56Z,262.231,74,"[{'artist': 'Rex Orange County', 'artist_id': '7pbDxGE6nQSZVfiFdq9lOL'}]","['bedroom pop', 'pop']"
0GPJSHYaXh8rZSSJoUMgyl,free love,2022-11-30T19:05:00Z,209.28,60,"[{'artist': 'HONNE', 'artist_id': '0Vw76uk7P8yVtTClWyOhac'}]","['chill r&b', 'pop', 'uk pop']"
5MWA0KkMh18hC2BkcCs4me,Feel Something,2022-11-30T19:04:12Z,150.756,50,"[{'artist': 'Fiji Blue', 'artist_id': '1e7K8jD3wRuQfnwDAOeGqe'}]","['chill pop', 'chill r&b', 'pop']"
44kiDYXBx8Iju8iQPyldmO,Only When I Look into Your Eyes,2022-11-30T19:03:15Z,199.166,49,"[{'artist': 'Fiji Blue', 'artist_id': '1e7K8jD3wRuQfnwDAOeGqe'}]","['chill pop', 'chill r&b', 'pop']"
2Qn6WHJrY5Im82Jux8FboH,moonlight,2022-11-30T19:01:12Z,159.13,66,"[{'artist': 'dhruv', 'artist_id': '70NcAr4ZtA3FAqU16iQZSb'}]","['chill r&b', 'nyc pop', 'pop']"
6tQQYvGkmpjWLVmJKc0Rpr,summer nights,2022-11-30T18:59:52Z,213.205,56,"[{'artist': 'The Millennial Club', 'artist_id': '5Mk3yOBlfweeKamsDiap8H'}]","['chill r&b', 'hopebeat', 'la pop']"
1SdItcSOTD14tvIo8UzA6k,Summer Vibe,2022-11-30T18:58:42Z,200.292,51,"[{'artist': 'Forrest Nolan', 'artist_id': '3M8UUCqb0mIEn5S2lO13yv'}]",['modern indie pop']
4BIuY0oEopXizyP3WvkNrT,Oh shit…are we in love?,2022-11-30T18:57:42Z,155.38400000000001,60,"[{'artist': 'Valley', 'artist_id': '7blXVKBSxdFZsIqlhdViKc'}]","['electropop', 'indie poptimism', 'indietronica', 'pop']"
7GEFx3ZWThd08JxjBDjRpf,Pastlife,2022-11-30T18:49:41Z,151.266,41,"[{'artist': 'Day Wave', 'artist_id': '4ptJIIR10UVlGjN0VntFaK'}]","['bay area indie', 'dreamo', 'indie pop', 'indie rock', 'modern rock', 'oakland indie']"
3P16E4qSmJ0VtDTgID2Xkz,Seattle and so Forth,2022-11-30T18:45:19Z,160.14600000000002,34,"[{'artist': 'Vansire', 'artist_id': '6ft7JnxMyZhp7N52qzHymY'}]","['bedroom pop', 'indie pop', 'rochester mn indie']"
5BYdwKN4OJlNh0MW6Cso6g,Eyes of Stone,2022-11-30T18:45:16Z,189.234,20,"[{'artist': 'Good Dog', 'artist_id': '1oJPedap0VtK48hM9Wm6S1'}]",[]
7JNUIRdD1r0U4eeYScySl6,Sundance Happy,2022-11-30T18:25:52Z,170.786,38,"[{'artist': 'Julietta', 'artist_id': '59GuvWzFy0o7wTJL81TVLV'}]",['vapor soul']
2l3dFxtoSMgMQVyRIUHjpz,Akhiyaan,2022-11-30T18:25:29Z,191.868,71,"[{'artist': 'Mitraz', 'artist_id': '3iGhlvzpXc0UHBQ7klAItX'}]",['desi pop']
6sdird6R3Bl7KXbCXpnPVy,Lage Nahi Man,2022-11-30T18:24:03Z,191.77,52,"[{'artist': 'Vismay Patel', 'artist_id': '43jHbOAD9UtOEO1la8CVHs'}]","['assamese pop', 'desi pop', 'indian indie', 'indian singer-songwriter', 'modern bollywood']"
6cj1qZxN3I2OxvYMDlIsNN,Like This,2022-11-30T16:01:13Z,193.461,60,"[{'artist': 'Jake Scott', 'artist_id': '0DxPHf2flBAcV2SnZPg3SV'}]","['alt z', 'indiecoustica', 'neo mellow', 'pop', 'pop rock', 'post-teen pop']"
2rizacJSyD9S1IQUxUxnsK,All We Know,2022-11-30T16:00:59Z,194.08,68,"[{'artist': 'The Chainsmokers', 'artist_id': '69GGBxA162lTqCwzJG5jLp'}, {'artist': 'Phoebe Ryan', 'artist_id': '4N874uPqBka1QiCvnCVOtr'}]","['dance pop', 'edm', 'electropop', 'pop', 'pop dance', 'tropical house', 'alt z', 'indie poptimism']"
20ZP3Om9DvDazXrNUC7WM2,"These Days (feat. Jess Glynne, Macklemore & Dan Caplen)",2022-11-30T16:00:54Z,211.76,66,"[{'artist': 'Rudimental', 'artist_id': '4WN5naL3ofxrVBgFpguzKo'}, {'artist': 'Jess Glynne', 'artist_id': '4ScCswdRlyA23odg9thgIO'}, {'artist': 'Macklemore', 'artist_id': '3JhNCzhSMTxs9WLGJJxWOY'}, {'artist': 'Dan Caplen', 'artist_id': '2U3FuHYvL3vhkbDAXm24Ep'}]","['dance pop', 'edm', 'house', 'pop', 'pop dance', 'tropical house', 'uk dance', 'uk funky', 'australian pop', 'neo mellow', 'post-teen pop', 'uk pop', 'pop rap', 'seattle hip hop', 'neo soul', 'uk contemporary r&b']"
0yKkxAtMUvftp9ntuXEj2K,Feeling Fine,2022-11-30T16:00:48Z,216.0,37,"[{'artist': 'Dylan Rockoff', 'artist_id': '2L2hppNg0A5WfGJTChIJL5'}]","['chill r&b', 'nashville singer-songwriter']"
0EcQcdcbQeVJn9fknj44Be,I Like Me Better,2022-11-30T15:59:44Z,197.436,78,"[{'artist': 'Lauv', 'artist_id': '5JZ7CnR6gTvEMKX4g70Amv'}]","['dance pop', 'electropop', 'pop']"
0mHvg2txp2llyXiCJZgbCl,Like No One Does,2022-11-30T15:58:53Z,158.469,36,"[{'artist': 'Jake Scott', 'artist_id': '0DxPHf2flBAcV2SnZPg3SV'}]","['alt z', 'indiecoustica', 'neo mellow', 'pop', 'pop rock', 'post-teen pop']"
28tY7rJ0st6uqlZ1ewDGI7,Parties,2022-11-30T15:55:34Z,169.866,47,"[{'artist': 'Jake Miller', 'artist_id': '3gggmBN0erstm3YJvEGe3t'}]","['indie pop rap', 'pop', 'post-teen pop']"
7gm2omqXDTaT4sS17hSu8T,Fresh Eyes,2022-11-30T15:51:36Z,198.001,29,"[{'artist': 'Andy Grammer', 'artist_id': '2oX42qP5ineK3hrhBECLmj'}]","['dance pop', 'neo mellow', 'pop', 'pop rap', 'pop rock', 'post-teen pop']"
2eAAEa8pxKF7My0EO4rFgR,Blow Your Mind (Mwah),2022-11-29T17:16:18Z,178.583,62,"[{'artist': 'Dua Lipa', 'artist_id': '6M2wZ9GZgrQXHCFfjv46we'}]","['dance pop', 'pop', 'uk pop']"
5E5MqaS6eOsbaJibl3YeMZ,Homesick,2022-11-29T17:13:49Z,230.48000000000002,62,"[{'artist': 'Dua Lipa', 'artist_id': '6M2wZ9GZgrQXHCFfjv46we'}]","['dance pop', 'pop', 'uk pop']"
3qRxSyxkxkJfFjOzC28XpU,Naina,2022-11-24T11:34:43Z,224.891,3,"[{'artist': 'Rahul Mishra', 'artist_id': '5wTLUHTynSSD53c7S9XEdr'}]",[]
5sNb1SoKuVENz3CDTmMRPy,Tere Nainon Ne Chori Kiya,2022-11-24T11:26:12Z,163.70600000000002,20,"[{'artist': 'Suraiya', 'artist_id': '71lk7UDkZK1mabUE6LCASW'}]","['classic bollywood', 'classic pakistani pop', 'filmi', 'ghazal']"
2dPUug9YiNL4ypu8UF8SnD,Tose Naina,2022-11-24T11:17:08Z,263.549,58,"[{'artist': 'Arijit Singh', 'artist_id': '4YRxDV8wJFPHPTeXepOstw'}]","['desi pop', 'filmi', 'modern bollywood']"
5h6uvaNkmWjaRqFgIgs9Nf,Naina,2022-11-24T11:16:24Z,318.826,30,"[{'artist': 'Vishal-Shekhar', 'artist_id': '6Mv8GjQa7LKUGCAqa9qqdb'}, {'artist': 'Kamal Khan', 'artist_id': '01DlVvmRpQFutrYzh0HmF8'}, {'artist': 'Neeti Mohan', 'artist_id': '3ZxZ03fj3tXBZHZWzvaLSM'}]","['desi pop', 'filmi', 'modern bollywood', 'punjabi pop']"
3BpiaQ6oZCoTZJmexcB4co,"Tere Naina (From ""My Name Is Khan"")",2022-11-24T11:09:25Z,278.546,30,"[{'artist': 'Shankar-Ehsaan-Loy', 'artist_id': '0L5GV6LN8SWWUWIdBbTLTZ'}, {'artist': 'Shafqat Amanat Ali', 'artist_id': '5SuRAj1A9FEHj5NxS86YAm'}]","['desi pop', 'filmi', 'modern bollywood', 'classic pakistani pop', 'pakistani pop', 'sufi']"
5xYIEUJBaja5MUnfc2QYhz,Ashq Na Ho,2022-11-24T10:56:52Z,353.103,43,"[{'artist': 'Pritam', 'artist_id': '1wRPtKGflJrBx9BmLsSwlU'}, {'artist': 'Arijit Singh', 'artist_id': '4YRxDV8wJFPHPTeXepOstw'}]","['filmi', 'indian instrumental', 'modern bollywood', 'desi pop']"
1wnozUBSe7OMpmZiTPJC5j,Tum Tak,2022-11-24T10:52:14Z,304.466,62,"[{'artist': 'A.R. Rahman', 'artist_id': '1mYsTxnqsietFxj1OgoGbG'}, {'artist': 'Javed Ali', 'artist_id': '4W91bbPB2CTSsHwt7eqNl7'}, {'artist': 'KIRTI SAGATHIA', 'artist_id': '42lH1BZdeeLF5LW02tpKgB'}, {'artist': 'Pooja AV', 'artist_id': '1Ju3SIITQWtyT3SOnONE40'}]","['filmi', 'modern bollywood', 'desi pop', 'sufi', 'kollywood']"
6MudETKykE31rz3v2DOHa0,Dagabaaz Re,2022-11-24T10:41:04Z,287.204,47,"[{'artist': 'Rahat Fateh Ali Khan', 'artist_id': '3OLGltG8UPIea8sA4w0yg0'}, {'artist': 'Shreya Ghoshal', 'artist_id': '0oOet2f43PA68X5RxKobEy'}]","['classic pakistani pop', 'filmi', 'modern bollywood', 'qawwali', 'sufi', 'desi pop']"
3fWMFwaJil8fD14JCgwbcL,Aaoge Jab Tum,2022-11-24T10:11:49Z,355.065,61,"[{'artist': 'Rashid Khan', 'artist_id': '1cw8NspBF8JctQm5rpn3pv'}]","['filmi', 'ghazal', 'hindustani classical', 'hindustani vocal', 'indian classical', 'khayal']"
3OhyYFXr9EDgQcOW1SqCKS,Tere Nainon Mein,2022-11-24T10:11:25Z,244.493,52,"[{'artist': 'The Bilz & Kashif', 'artist_id': '16aFAW8bLL83CmrOEfDEx0'}]",[]
0Oakn6qntMuh9FFli1e449,Naina Yeh,2022-11-24T10:06:11Z,329.062,30,"[{'artist': 'Yasser Desai', 'artist_id': '6RF8hEdlUKoLPQOHmBbHiM'}, {'artist': 'Aakanksha Sharma', 'artist_id': '4OFVqZNj0INA51VvzK3Lgw'}, {'artist': 'Rashmi Virag', 'artist_id': '5r2baeTwcCJnuIsDIlxUJo'}]","['desi pop', 'filmi', 'modern bollywood']"
3hoXhwP0ub9LdSJV4olDIc,Tere Naina,2022-11-24T10:05:09Z,278.546,62,"[{'artist': 'Shankar-Ehsaan-Loy', 'artist_id': '0L5GV6LN8SWWUWIdBbTLTZ'}, {'artist': 'Shafqat Amanat Ali', 'artist_id': '5SuRAj1A9FEHj5NxS86YAm'}]","['desi pop', 'filmi', 'modern bollywood', 'classic pakistani pop', 'pakistani pop', 'sufi']"
4gHnSNHs8RyVukKoWdS99f,Something In The Way,2022-11-24T04:07:06Z,232.14600000000002,72,"[{'artist': 'Nirvana', 'artist_id': '6olE6TJLqED3rqDCT0FyPh'}]","['alternative rock', 'grunge', 'permanent wave', 'rock']"
6Uz1AUpgcp7VPeJ2gTZIcy,Phatela Jeb - Aankhen / Soundtrack Version,2022-11-22T15:26:29Z,257.24,47,"[{'artist': 'Nitin Raikar', 'artist_id': '0kdQsZTmzqhR2JYK3Bhg3Z'}, {'artist': 'Aadesh Shrivastava', 'artist_id': '4tma2wxDchrifG8Pflic4Q'}, {'artist': 'Arun Bakshi', 'artist_id': '2AHn7YZlc4cxOpyKAIENPx'}]","['classic bollywood', 'filmi', 'modern bollywood']"
7c0se2w4QXZ9V4MoHWhshC,Ride or Die,2022-11-21T09:29:05Z,210.608,53,"[{'artist': 'Hippo Campus', 'artist_id': '1btWGBz4Uu1HozTwb2Lm8A'}]","['indie pop', 'indie poptimism', 'indie rock', 'minneapolis indie', 'modern alternative rock', 'modern rock']"
266Vb7ItE3o1q8HdJ9QOvn,Verbatim,2022-11-12T17:23:53Z,168.32,75,"[{'artist': 'Mother Mother', 'artist_id': '0e86yPdC41PGRkLp2Q1Bph'}]",['vancouver indie']
2iRniYXjMHKmwXqA2jYXP7,Think About Things,2022-11-11T05:28:07Z,173.385,19,"[{'artist': 'Daði Freyr', 'artist_id': '3Hb64DQZIhDCgyHKrzBXOL'}]","['icelandic pop', 'sunnlensk tonlist']"
6dquCx5KAW5jCgGgoTlghL,Every Second,2022-11-10T16:57:14Z,182.076,58,"[{'artist': 'Mina Okabe', 'artist_id': '5BS8KSKJPeLeXfABQx0bXl'}]",[]
